session,turn,stage,end_after_commit_ms,elapsed_ms,slot_wait_ms,scheduler_wait_ms,preprocessing_ms,audio_encoder_ms,image_encoder_ms,prefix_prefill_ms,suffix_ms,suffix_queue_ms,tokens,cached_tokens,computed_tokens,cache_ratio,candidates,batches
sess_dee23864,turn_de9f3474_1,category,469.437,468.577,0.012,6.618980783969164,34.524,0.0,0.0,373.0783180799335,48.0041338596493,4.143775906413794,6767,0,6767,0.0,5,1
sess_dee23864,turn_de9f3474_1,performance,529.464,528.349,0.008,7.6674348674714565,5.162,0.0,0.0,44.48414104990661,50.180841935798526,5.853550974279642,1026,1014,12,0.9883040935672515,48,1
sess_dee23864,turn_de9f3474_1,child,666.463,196.599,0.009,1.8774501513689756,13.684,0.0,0.0,89.56435392610729,44.19187502935529,0.9483601897954941,1461,0,1461,0.0,4,1
sess_dee23864,turn_409a340c_3,reply-history-route,201.281,200.694,0.018,13.212773948907852,6.701,0.0,0.0,85.4370929300785,99.46681605651975,11.67030492797494,1308,1290,18,0.9862385321100917,4,1
sess_dee23864,turn_409a340c_3,category,569.093,567.604,0.012,17.58236507885158,80.054,0.0,0.0,88.36530102416873,312.37509613856673,16.047188080847263,9521,8978,543,0.9429681756118055,51,1
sess_dee23864,turn_409a340c_3,performance,651.718,649.901,199.102,12.511751847341657,6.51,0.0,0.0,297.5651400629431,71.8135698698461,6.283988943323493,1033,1014,19,0.9816069699903195,48,1
sess_dee23864,turn_409a340c_3,child,1047.707,478.029,0.009,10.714092990383506,51.113,0.0,0.0,304.55679213628173,55.5987770203501,7.575374096632004,5816,0,5816,0.0,49,1
sess_dee23864,turn_409a340c_3,pure-action-reply-validation,1158.271,94.195,0.008,1.8721031956374645,3.175,0.0,0.0,41.17714404128492,45.31011404469609,0.8927551098167896,443,410,33,0.9255079006772009,5,1
sess_dee23864,turn_3fc2ea17_5,reply-history-route,204.078,203.49,0.02,8.60809232108295,6.47,0.0,0.0,84.25670792348683,104.69257598742843,7.117713103070855,1308,1290,18,0.9862385321100917,4,1
sess_dee23864,turn_3fc2ea17_5,category,330.643,329.172,0.011,16.26707403920591,79.195,0.0,0.0,98.21278904564679,70.60157810337842,14.75552306510508,9651,8978,673,0.9302662936483266,51,1
sess_dee23864,turn_3fc2ea17_5,performance,410.512,408.741,201.982,11.484840884804726,5.505,0.0,0.0,56.95837619714439,71.33217505179346,6.097863893955946,1033,1014,19,0.9816069699903195,48,1
sess_dee23864,turn_3fc2ea17_5,child,581.673,250.472,0.008,9.531856048852205,49.121,0.0,0.0,78.94829101860523,57.69916903227568,8.477794006466866,5946,5347,599,0.8992600067272116,49,1
sess_dee23864,turn_3fc2ea17_5,pure-action-reply-validation,693.181,94.809,0.008,1.7836480401456356,3.148,0.0,0.0,41.03542794473469,46.50434013456106,0.8896910585463047,443,410,33,0.9255079006772009,5,1
sess_dee23864,turn_e4230dfe_7,reply-history-route,206.911,206.399,0.016,11.304797139018774,6.509,0.0,0.0,84.87373078241944,105.86877493187785,9.165084920823574,1308,1290,18,0.9862385321100917,4,1
sess_dee23864,turn_e4230dfe_7,category,333.238,331.727,0.01,18.440987914800644,77.273,0.0,0.0,97.27103798650205,72.02700688503683,16.317650908604264,9651,8978,673,0.9302662936483266,51,1
sess_dee23864,turn_e4230dfe_7,performance,413.982,412.404,205.033,12.482867110520601,6.401,0.0,0.0,56.82925810106099,71.1442471947521,6.188182160258293,1033,1014,19,0.9816069699903195,48,1
sess_dee23864,turn_e4230dfe_7,child,583.603,249.797,0.009,9.13035194389522,46.808,0.0,0.0,78.63171701319516,56.136047933250666,8.10182886198163,5946,5347,599,0.8992600067272116,49,1
sess_dee23864,turn_e4230dfe_7,pure-action-reply-validation,695.091,94.827,0.008,1.7588299233466387,3.134,0.0,0.0,41.31806013174355,46.27091297879815,0.8253119885921478,443,410,33,0.9255079006772009,5,1
sess_dee23864,turn_19a1c6ee_9,reply-history-route,206.338,205.791,0.015,11.735426029190421,6.544,0.0,0.0,84.04034678824246,106.93320306017995,10.312099009752274,1308,1290,18,0.9862385321100917,4,1
sess_dee23864,turn_19a1c6ee_9,category,332.776,331.375,0.009,17.326283967122436,75.739,0.0,0.0,97.26385702379048,70.55454608052969,15.220384113490582,9651,8978,673,0.9302662936483266,51,1
sess_dee23864,turn_19a1c6ee_9,performance,411.807,410.139,204.317,11.394734028726816,5.753,0.0,0.0,56.464631110429764,70.62201900407672,6.023331079632044,1033,1014,19,0.9816069699903195,48,1
sess_dee23864,turn_19a1c6ee_9,child,583.821,250.508,0.008,9.825354907661676,46.822,0.0,0.0,78.54837900958955,57.01289884746075,8.829271886497736,5946,5347,599,0.8992600067272116,49,1
sess_dee23864,turn_19a1c6ee_9,pure-action-reply-validation,697.197,96.89,0.007,1.9637041259557009,3.132,0.0,0.0,43.25788584537804,45.864291954785585,0.9839751292020082,443,410,33,0.9255079006772009,5,1
sess_dee23864,turn_aeea04c7_11,reply-history-route,207.358,206.79,0.019,11.531593045219779,6.798,0.0,0.0,84.71102197654545,105.9673260897398,9.160968009382486,1308,1290,18,0.9862385321100917,4,1
sess_dee23864,turn_aeea04c7_11,category,334.519,333.046,0.012,18.423181027173996,76.637,0.0,0.0,97.47342811897397,71.75403996370733,16.273894114419818,9651,8978,673,0.9302662936483266,51,1
sess_dee23864,turn_aeea04c7_11,performance,415.525,413.771,205.327,12.339208973571658,5.518,0.0,0.0,56.60437396727502,71.55135995708406,6.108019966632128,1033,1014,19,0.9816069699903195,48,1
sess_dee23864,turn_aeea04c7_11,child,584.341,249.18,0.008,9.183251997455955,46.241,0.0,0.0,78.56006710790098,55.11213303543627,8.148780092597008,5946,5347,599,0.8992600067272116,49,1
sess_dee23864,turn_aeea04c7_11,pure-action-reply-validation,695.421,94.614,0.007,1.8541638273745775,2.995,0.0,0.0,40.796282002702355,46.2039508856833,0.9275178890675306,443,410,33,0.9255079006772009,5,1
sess_dee23864,turn_1ba30acf_13,reply-history-route,213.129,212.569,0.017,12.724688043817878,6.49,0.0,0.0,89.14361009374261,107.8564350027591,11.267079040408134,1308,1290,18,0.9862385321100917,4,1
sess_dee23864,turn_1ba30acf_13,category,339.845,338.436,0.011,18.788449931889772,76.206,0.0,0.0,97.17369987629354,72.65720097348094,17.125136917456985,9651,8978,673,0.9302662936483266,51,1
sess_dee23864,turn_1ba30acf_13,performance,419.723,417.994,211.109,11.484680930152535,6.585,0.0,0.0,56.65073497220874,71.11017499119043,6.248414050787687,1033,1014,19,0.9816069699903195,48,1
sess_dee23864,turn_1ba30acf_13,child,594.711,254.29,0.008,9.15143289603293,45.973,0.0,0.0,78.50724691525102,61.880361987277865,8.116540964692831,5946,5347,599,0.8992600067272116,49,1
sess_dee23864,turn_1ba30acf_13,pure-action-reply-validation,708.316,96.859,0.007,1.8740049563348293,3.152,0.0,0.0,41.86116997152567,47.57869290187955,0.8737959433346987,443,410,33,0.9255079006772009,5,1
sess_dee23864,turn_7b95f580_14,category,193.767,192.814,0.014,10.578925954177976,32.082,0.0,0.0,97.01298410072923,46.77537502720952,3.830506931990385,6821,5998,823,0.8793432048086791,2,1
sess_dee23864,turn_7b95f580_14,performance,253.199,252.003,0.009,7.192678051069379,3.915,0.0,0.0,43.50957088172436,49.46337500587106,5.5918400175869465,1026,1014,12,0.9883040935672515,48,1
sess_dee23864,turn_7b95f580_14,child,388.798,194.64,0.009,1.6834039706736803,13.876,0.0,0.0,89.00153380818665,44.05823000706732,0.8193629328161478,1465,0,1465,0.0,2,1
sess_dee23864,turn_9e6c7af3_15,performance,126.023,118.13,0.016,6.996318930760026,5.069,0.0,0.0,48.622119007632136,49.80017989873886,4.889997886493802,1026,1014,12,0.9883040935672515,48,1
sess_dee23864,turn_bc27c8ed_17,reply-history-route,209.455,208.919,0.016,11.55012077651918,6.4,0.0,0.0,87.72986009716988,107.14881285093725,10.018539847806096,1308,1290,18,0.9862385321100917,4,1
sess_dee23864,turn_bc27c8ed_17,category,338.164,336.778,0.011,18.59835023060441,87.582,0.0,0.0,97.83670282922685,73.07035312987864,17.07792514935136,9651,8978,673,0.9302662936483266,51,1
sess_dee23864,turn_bc27c8ed_17,performance,421.565,419.915,207.455,12.574137886986136,6.373,0.0,0.0,57.13148997165263,73.40237079188228,6.060096900910139,1033,1014,19,0.9816069699903195,48,1
sess_dee23864,turn_bc27c8ed_17,child,592.605,253.861,0.009,9.252557996660471,53.184,0.0,0.0,78.94417480565608,56.55698198825121,8.213208988308907,5946,5347,599,0.8992600067272116,49,1
sess_dee23864,turn_bc27c8ed_17,pure-action-reply-validation,705.974,96.676,0.009,1.8922928720712662,3.079,0.0,0.0,41.69085994362831,47.61581006459892,0.9337880183011293,443,410,33,0.9255079006772009,5,1
sess_dee23864,turn_0330526e_19,reply-history-route,207.354,206.782,0.016,11.786323972046375,6.434,0.0,0.0,85.82502487115562,106.952483067289,10.257795918732882,1308,1290,18,0.9862385321100917,4,1
sess_dee23864,turn_0330526e_19,category,333.857,332.399,0.011,18.94541014917195,86.857,0.0,0.0,97.355977864936,72.33133306726813,16.940344125032425,9651,8978,673,0.9302662936483266,51,1
sess_dee23864,turn_0330526e_19,performance,414.014,412.274,205.306,11.297035263851285,6.327,0.0,0.0,56.51175300590694,71.56544202007353,6.110594142228365,1033,1014,19,0.9816069699903195,48,1
sess_dee23864,turn_0330526e_19,child,582.959,248.52,0.009,9.167809039354324,53.57,0.0,0.0,78.78153608180583,55.48032512888312,8.115248987451196,5946,5347,599,0.8992600067272116,49,1
sess_dee23864,turn_0330526e_19,pure-action-reply-validation,694.814,95.422,0.008,1.7970078624784946,3.017,0.0,0.0,40.38877901621163,47.36338392831385,0.8780928328633308,443,410,33,0.9255079006772009,5,1
sess_dee23864,turn_33a1e400_20,category,195.507,194.509,0.016,10.49943407997489,32.381,0.0,0.0,97.01759088784456,48.242567805573344,3.8694569375365973,6821,5998,823,0.8793432048086791,2,1
sess_dee23864,turn_33a1e400_20,performance,254.518,253.278,0.009,6.83386018499732,4.653,0.0,0.0,44.938124949112535,48.80836303345859,5.184167064726353,1026,1014,12,0.9883040935672515,48,1
sess_dee23864,turn_33a1e400_20,child,359.85,163.945,0.01,1.5542968176305294,14.03,0.0,0.0,58.86567221023142,43.82789693772793,0.6951829418540001,1465,993,472,0.677815699658703,2,1
sess_dee23864,turn_8cb5e804_21,performance,114.33,112.898,0.017,6.349890027195215,5.332,0.0,0.0,46.625616028904915,47.31401801109314,4.8848590813577175,1026,1014,12,0.9883040935672515,48,1
sess_dee23864,turn_a9ea17c3_23,reply-history-route,219.176,218.596,0.018,14.96447203680873,7.178,0.0,0.0,93.06674893014133,106.2889969907701,9.660962037742138,1308,1290,18,0.9862385321100917,4,1
sess_dee23864,turn_a9ea17c3_23,category,399.591,397.87,0.01,18.229715060442686,75.765,0.0,0.0,97.26902516558766,125.0622640363872,16.71928516589105,9651,8978,673,0.9302662936483266,51,1
sess_dee23864,turn_a9ea17c3_23,performance,457.157,455.421,217.079,11.841716011986136,7.278,0.0,0.0,109.42330094985664,50.66743609495461,5.288596032187343,1033,1014,19,0.9816069699903195,48,1
sess_dee23864,turn_a9ea17c3_23,pure-action-reply-validation,572.855,91.404,0.008,1.7483539413660765,2.555,0.0,0.0,40.31940293498337,44.653029879555106,0.8590638171881437,444,410,34,0.9234234234234234,5,1
sess_dee23864,turn_a9ea17c3_23,child,1016.903,443.262,0.006,9.634061949327588,27.836,0.0,0.0,320.75651199556887,56.144571863114834,7.830403978005052,5994,0,5994,0.0,49,1
sess_dee23864,turn_6d3a0974_25,reply-history-route,223.414,222.825,0.018,15.167311998084188,8.117,0.0,0.0,95.48344486393034,106.84135183691978,10.148587869480252,1309,1290,19,0.985485103132162,4,1
sess_dee23864,turn_6d3a0974_25,category,409.056,407.574,0.011,17.482833936810493,99.968,0.0,0.0,97.28942601941526,127.72530596703291,16.056682914495468,9652,8978,674,0.9301699129714049,51,1
sess_dee23864,turn_6d3a0974_25,performance,500.124,498.407,221.301,12.620948953554034,8.225,0.0,0.0,112.78266599401832,82.53544615581632,6.721968995407224,1034,1014,20,0.9806576402321083,48,1
sess_dee23864,turn_6d3a0974_25,child,1135.728,725.994,0.008,17.6731429528445,57.625,0.0,0.0,404.32736184448004,160.91566695831716,15.603528823703527,7271,0,7271,0.0,79,2
sess_dee23864,turn_977d3ee7_26,performance,120.834,119.281,0.015,5.084614967927337,5.218,0.0,0.0,52.046976052224636,47.76088101789355,3.605443052947521,1026,1014,12,0.9883040935672515,48,1
sess_dee23864,turn_832d137b_27,category,204.302,203.295,0.013,9.728445671498775,39.75,0.0,0.0,99.30881415493786,48.7900460138917,3.6774028558284044,6822,5998,824,0.8792143066549399,2,1
sess_dee23864,turn_832d137b_27,performance,262.802,261.566,0.009,7.223916007205844,5.729,0.0,0.0,45.702083967626095,48.65096206776798,5.378874018788338,1026,1014,12,0.9883040935672515,48,1
sess_dee23864,turn_832d137b_27,child,368.363,163.676,0.009,1.5971018001437187,13.952,0.0,0.0,59.27660106681287,43.75942284241319,0.7531719747930765,1466,993,473,0.6773533424283765,2,1
sess_dee23864,turn_40e4f637_28,performance,113.149,112.064,0.018,5.567702930420637,5.143,0.0,0.0,46.26210010610521,46.89688002690673,4.0982558857649565,1026,1014,12,0.9883040935672515,48,1
sess_dee23864,turn_8025de73_30,reply-history-route,213.5,212.925,0.017,17.736411886289716,6.807,0.0,0.0,82.81275001354516,107.98417986370623,9.338890900835395,1309,1290,19,0.985485103132162,4,1
sess_dee23864,turn_8025de73_30,category,396.022,394.549,0.01,18.681016052141786,89.538,0.0,0.0,99.20346294529736,127.77861789800227,17.224038019776344,9652,8978,674,0.9301699129714049,51,1
sess_dee23864,turn_8025de73_30,performance,477.853,475.993,211.442,13.55005893856287,6.216,0.0,0.0,111.77065898664296,73.20251502096653,6.4347488805651665,1034,1014,20,0.9806576402321083,48,1
sess_dee23864,turn_8025de73_30,child,881.117,484.505,0.009,9.046593913808465,54.846,0.0,0.0,320.1266089454293,51.488432101905346,7.162021938711405,6001,0,6001,0.0,40,1
sess_dee23864,turn_8025de73_30,pure-action-reply-validation,996.99,91.035,0.009,1.8966710194945335,3.29,0.0,0.0,38.65457698702812,44.9349011760205,0.9029710199683905,445,410,35,0.9213483146067416,5,1
sess_dee23864,turn_6dd7b0de_31,performance,112.986,111.879,0.016,4.926563939079642,4.982,0.0,0.0,46.10783397220075,45.868328073993325,3.5063319373875856,1026,1014,12,0.9883040935672515,48,1
sess_dee23864,turn_b7316953_33,reply-history-route,217.798,217.27,0.017,16.690370859578252,6.418,0.0,0.0,82.3043929412961,115.47460407018661,11.403316864743829,1309,1290,19,0.985485103132162,4,1
sess_dee23864,turn_b7316953_33,category,346.985,345.564,0.011,19.13359691388905,86.257,0.0,0.0,104.70651788637042,73.99947382509708,16.869845800101757,9739,8978,761,0.9218605606325084,51,1
sess_dee23864,turn_b7316953_33,performance,425.906,424.198,215.744,12.885923963040113,6.205,0.0,0.0,58.204130036756396,70.67622197791934,6.242434959858656,1034,1014,20,0.9806576402321083,48,1
sess_dee23864,turn_b7316953_33,child,836.439,488.922,0.008,9.69852996058762,47.97,0.0,0.0,322.1410799305886,53.36279794573784,7.552349008619785,6012,0,6012,0.0,44,1
sess_dee23864,turn_b7316953_33,pure-action-reply-validation,946.075,93.36,0.009,1.8522620666772127,3.039,0.0,0.0,41.07995587401092,44.740492943674326,0.91933598741889,444,410,34,0.9234234234234234,5,1
sess_dee23864,turn_c5d9c509_34,performance,112.421,111.304,0.019,4.8741539940238,4.994,0.0,0.0,46.24179913662374,45.64101994037628,3.459770930930972,1026,1014,12,0.9883040935672515,48,1
sess_dee23864,turn_95e18fe7_36,reply-history-route,209.747,209.295,0.014,11.169970035552979,5.86,0.0,0.0,82.13806711137295,112.69708606414497,9.837212041020393,1312,1290,22,0.9832317073170732,4,1
sess_dee23864,turn_95e18fe7_36,category,395.444,394.139,0.011,19.084653118625283,83.906,0.0,0.0,103.42600918374956,128.3913841471076,17.595996148884296,9742,8978,764,0.9215766783001437,51,1
sess_dee23864,turn_95e18fe7_36,performance,482.714,481.183,207.83,13.418329181149602,6.969,0.0,0.0,112.0432869065553,78.25885596685112,6.743150996044278,1037,1014,23,0.9778206364513018,48,1
sess_dee23864,turn_95e18fe7_36,child,805.502,409.324,0.009,17.996808979660273,64.426,0.0,0.0,99.77656905539334,153.63319194875658,16.831076936796308,7361,6521,840,0.8858850699633202,79,2
sess_dee23864,turn_c0f42310_37,performance,117.182,116.068,0.017,5.1765949465334415,5.206,0.0,0.0,50.14147190377116,47.46976587921381,3.6794759798794985,1026,1014,12,0.9883040935672515,48,1
sess_dee23864,turn_ef8431c5_39,reply-history-route,136.479,135.87,0.018,2.87391385063529,6.453,0.0,0.0,77.26635900326073,45.15287303365767,1.394140999764204,1309,1290,19,0.985485103132162,4,1
sess_dee23864,turn_ef8431c5_39,category,422.233,420.653,0.012,20.073465071618557,84.664,0.0,0.0,97.60781284421682,125.23161293938756,16.25568699091673,9665,8978,687,0.9289187790998448,51,1
sess_dee23864,turn_ef8431c5_39,performance,503.18,501.24,134.134,12.208008207380772,3.954,0.0,0.0,110.07943283766508,72.61167210526764,6.385044194757938,1034,1014,20,0.9806576402321083,48,1
sess_dee23864,turn_ef8431c5_39,child,662.643,239.861,0.009,8.943276014178991,53.64,0.0,0.0,78.83801218122244,50.37799314595759,7.066696183755994,6014,5446,568,0.9055537080146325,40,1
sess_dee23864,turn_ef8431c5_39,pure-action-reply-validation,770.249,91.094,0.008,1.7950949259102345,2.966,0.0,0.0,39.50089099816978,44.08014286309481,0.870490912348032,444,410,34,0.9234234234234234,5,1
sess_dee23864,turn_1436645e_40,performance,116.458,115.317,0.017,5.074619315564632,5.079,0.0,0.0,47.94734693132341,47.38708003424108,3.535877214744687,1026,1014,12,0.9883040935672515,48,1
sess_dee23864,turn_7a9f4961_41,category,199.709,198.711,0.015,11.67971920222044,33.448,0.0,0.0,97.65712800435722,48.53576608002186,3.5175681114196777,6821,5998,823,0.8793432048086791,2,1
sess_dee23864,turn_7a9f4961_41,performance,260.096,258.863,0.008,9.155018022283912,4.858,0.0,0.0,45.6355819478631,50.11039390228689,7.557184901088476,1026,1014,12,0.9883040935672515,48,1
sess_dee23864,turn_7a9f4961_41,child,365.204,165.07,0.011,1.679557841271162,13.98,0.0,0.0,58.83265193551779,43.64003986120224,0.7956158369779587,1465,993,472,0.677815699658703,2,1
sess_dee23864,turn_e4b97354_42,performance,115.764,114.579,0.019,5.025073885917664,5.389,0.0,0.0,47.933935886248946,47.09920985624194,3.5529229789972305,1026,1014,12,0.9883040935672515,48,1
sess_dee23864,turn_d5aad421_44,reply-history-route,223.447,222.824,0.019,17.511366866528988,7.69,0.0,0.0,92.86442003212869,109.39317499287426,12.247457867488265,1309,1290,19,0.985485103132162,4,1
sess_dee23864,turn_d5aad421_44,category,409.72,408.097,0.011,18.472636817023158,87.604,0.0,0.0,97.75105211883783,127.11023585870862,16.954625956714153,9656,8978,678,0.929784589892295,51,1
sess_dee23864,turn_d5aad421_44,performance,495.915,494.017,221.117,13.236480066552758,6.189,0.0,0.0,111.29486211575568,77.42902706377208,6.4264771062880754,1034,1014,20,0.9806576402321083,48,1
sess_dee23864,turn_d5aad421_44,child,902.814,492.112,0.018,11.401825118809938,47.736,0.0,0.0,318.89986293390393,53.06322919204831,7.462581153959036,6003,0,6003,0.0,43,1
sess_dee23864,turn_d5aad421_44,pure-action-reply-validation,1010.96,91.667,0.014,1.8816280644387007,2.892,0.0,0.0,40.24618002586067,43.616054113954306,0.9260361548513174,444,410,34,0.9234234234234234,5,1
sess_dee23864,turn_daf94346_45,performance,117.775,116.619,0.016,5.0749697256833315,5.383,0.0,0.0,48.52451919578016,48.12742187641561,3.522405866533518,1026,1014,12,0.9883040935672515,48,1
sess_dee23864,turn_e1c2e883_46,category,200.035,199.011,0.015,11.755383806303144,34.732,0.0,0.0,97.61735796928406,48.23379497975111,3.5325807984918356,6821,5998,823,0.8793432048086791,2,1
sess_dee23864,turn_e1c2e883_46,performance,259.879,258.614,0.008,6.930097239091992,5.006,0.0,0.0,45.233766781166196,49.986987141892314,5.409592064097524,1026,1014,12,0.9883040935672515,48,1
sess_dee23864,turn_e1c2e883_46,child,365.548,165.125,0.008,1.558421878144145,14.132,0.0,0.0,58.95899492315948,44.213637011125684,0.7112468592822552,1465,993,472,0.677815699658703,2,1
sess_dee23864,turn_aeaa9107_47,performance,114.423,113.252,0.017,4.9417270347476006,5.019,0.0,0.0,46.55305505730212,47.46505990624428,3.5031570587307215,1026,1014,12,0.9883040935672515,48,1
sess_dee23864,turn_7002c5a1_49,reply-history-route,216.32,215.715,0.017,20.430722273886204,7.435,0.0,0.0,83.71576992794871,110.28610891662538,12.583251111209393,1309,1290,19,0.985485103132162,4,1
sess_dee23864,turn_7002c5a1_49,category,399.12,397.586,0.01,18.550015054643154,89.267,0.0,0.0,98.34990696981549,125.7669311016798,17.007606104016304,9662,8978,684,0.9292072034775409,51,1
sess_dee23864,turn_7002c5a1_49,performance,481.456,479.549,213.958,13.251252006739378,6.541,0.0,0.0,109.89458090625703,73.11827503144741,6.372513948008418,1034,1014,20,0.9806576402321083,48,1
sess_dee23864,turn_7002c5a1_49,child,640.355,240.668,0.009,9.530442766845226,54.311,0.0,0.0,77.5388260371983,50.41061295196414,7.187269860878587,6011,5446,565,0.9060056562967892,40,1
sess_dee23864,turn_3b51644a_50,performance,111.847,110.667,0.017,4.856716375797987,5.255,0.0,0.0,45.93185498379171,45.95851502381265,3.437646199017763,1026,1014,12,0.9883040935672515,48,1
sess_dee23864,turn_dbadcc3c_52,reply-history-route,209.644,209.077,0.019,12.126793153584003,6.583,0.0,0.0,82.74629898369312,110.6518090236932,10.63187699764967,1313,1290,23,0.9824828636709825,4,1
sess_dee23864,turn_dbadcc3c_52,category,399.883,398.424,0.01,26.145439129322767,87.435,0.0,0.0,100.64233280718327,133.5579741280526,23.928659036755562,9678,8978,700,0.9276710064062823,51,1
sess_dee23864,turn_dbadcc3c_52,performance,484.699,482.938,207.564,14.69190581701696,6.412,0.0,0.0,110.70555099286139,75.86076995357871,6.6291568800807,1038,1014,24,0.976878612716763,48,1
sess_dee23864,turn_dbadcc3c_52,child,890.816,490.376,0.01,9.569082176312804,55.58,0.0,0.0,321.2540128733963,53.00904717296362,6.797264097258449,6027,0,6027,0.0,40,1
sess_dee23864,turn_5fe2ba5f_53,performance,113.31,112.206,0.016,4.961979109793901,5.471,0.0,0.0,47.033139038830996,46.409446047618985,3.489026101306081,1026,1014,12,0.9883040935672515,48,1
sess_dee23864,turn_0186e791_55,reply-history-route,218.557,217.953,0.016,11.528989765793085,6.819,0.0,0.0,90.80437012016773,112.04795306548476,10.110549861565232,1309,1290,19,0.985485103132162,4,1
sess_dee23864,turn_0186e791_55,category,350.967,349.444,0.009,18.381988862529397,83.969,0.0,0.0,102.50266687944531,74.46861080825329,17.010771902278066,9739,8978,761,0.9218605606325084,51,1
sess_dee23864,turn_0186e791_55,performance,434.824,433.023,216.385,13.197290245443583,8.37,0.0,0.0,58.506102999672294,75.8723879698664,6.404684158042073,1034,1014,20,0.9806576402321083,48,1
sess_dee23864,turn_0186e791_55,child,599.815,248.296,0.008,9.353242814540863,50.633,0.0,0.0,82.83219998702407,52.886148914694786,8.427376858890057,6088,5446,642,0.8945466491458607,40,1
sess_dee23864,turn_0186e791_55,pure-action-reply-validation,707.965,91.722,0.008,1.790227135643363,2.522,0.0,0.0,40.79511994495988,44.527688063681126,0.9445040486752987,444,410,34,0.9234234234234234,5,1
sess_dee23864,turn_f2259566_56,performance,113.492,112.297,0.018,4.800290800631046,5.391,0.0,0.0,46.4452700689435,46.309303026646376,3.5500589292496443,1026,1014,12,0.9883040935672515,48,1
sess_dee23864,turn_c17c14ad_58,reply-history-route,214.816,214.253,0.016,12.221337063238025,6.884,0.0,0.0,91.04809281416237,108.36469102650881,10.720161953940988,1310,1290,20,0.9847328244274809,4,1
sess_dee23864,turn_c17c14ad_58,category,400.964,399.517,0.011,19.19704512692988,76.786,0.0,0.0,98.22588786482811,127.54191481508315,17.729690996930003,9675,8978,697,0.9279586563307494,51,1
sess_dee23864,turn_c17c14ad_58,performance,492.6,490.846,212.664,14.372306875884533,7.359,0.0,0.0,110.91873701661825,83.19063694216311,7.001014892011881,1035,1014,21,0.9797101449275363,48,1
sess_dee23864,turn_c17c14ad_58,child,817.491,415.774,0.009,20.122729940339923,59.921,0.0,0.0,95.31708108261228,158.74902484938502,17.718333983793855,7294,6521,773,0.8940224842336166,79,2
sess_dee23864,turn_c17c14ad_58,pure-action-reply-validation,925.638,91.82,0.008,1.8446501344442368,2.712,0.0,0.0,39.0290399082005,45.37193803116679,0.962431076914072,445,410,35,0.9213483146067416,5,1
sess_dee23864,turn_c5d6db9f_59,performance,114.208,113.076,0.017,4.786940291523933,5.356,0.0,0.0,46.676523983478546,46.63424915634096,3.4905981738120317,1026,1014,12,0.9883040935672515,48,1
sess_dee23864,turn_d0380939_60,category,207.054,205.988,0.014,13.452510116621852,33.825,0.0,0.0,99.43130193278193,51.62542103789747,3.732117125764489,6822,5998,824,0.8792143066549399,2,1
sess_dee23864,turn_d0380939_60,performance,273.904,272.593,0.009,11.160946218296885,5.066,0.0,0.0,48.54825581423938,56.43102899193764,9.412533137947321,1026,1014,12,0.9883040935672515,48,1
sess_dee23864,turn_d0380939_60,child,383.103,175.649,0.01,1.7390192952007055,14.415,0.0,0.0,59.68249193392694,46.952705131843686,0.8562591392546892,1466,993,473,0.6773533424283765,2,1
sess_dee23864,turn_337d2f9b_62,reply-history-route,218.662,218.013,0.022,13.691915897652507,6.757,0.0,0.0,90.29048401862383,111.21754394844174,12.134043965488672,1309,1290,19,0.985485103132162,4,1
sess_dee23864,turn_337d2f9b_62,category,399.861,398.173,0.01,20.95611277036369,76.938,0.0,0.0,99.72718404605985,127.46546790003777,18.124983878806233,9680,8978,702,0.9274793388429752,51,1
sess_dee23864,turn_337d2f9b_62,performance,482.955,480.96,216.395,13.71664390899241,7.31,0.0,0.0,110.42141704820096,74.66025301255286,6.142972968518734,1034,1014,20,0.9806576402321083,48,1
sess_dee23864,turn_337d2f9b_62,child,892.467,492.029,0.008,9.769299300387502,42.136,0.0,0.0,321.2526498828083,55.51130301319063,7.319352123886347,6002,0,6002,0.0,43,1
sess_dee23864,turn_337d2f9b_62,pure-action-reply-validation,1005.002,95.774,0.008,1.9756820984184742,2.884,0.0,0.0,41.74160701222718,45.999678084626794,0.9710451122373343,444,410,34,0.9234234234234234,5,1
sess_dee23864,turn_0f4569ba_63,performance,122.281,121.104,0.017,4.956359043717384,5.394,0.0,0.0,47.60227911174297,53.96728194318712,3.5238880664110184,1026,1014,12,0.9883040935672515,48,1
sess_dee23864,turn_7d9ce243_65,reply-history-route,213.468,212.865,0.018,12.849557911977172,6.812,0.0,0.0,88.25242798775434,109.19643403030932,11.35636493563652,1309,1290,19,0.985485103132162,4,1
sess_dee23864,turn_7d9ce243_65,category,354.206,352.582,0.01,26.629999978467822,74.354,0.0,0.0,98.46457303501666,82.05642295069993,24.60329094901681,9651,8978,673,0.9302662936483266,51,1
sess_dee23864,turn_7d9ce243_65,performance,431.416,429.66,211.324,14.365226263180375,7.217,0.0,0.0,58.569228975102305,69.0512671135366,5.82876312546432,1034,1014,20,0.9806576402321083,48,1
sess_dee23864,turn_7d9ce243_65,child,717.687,362.994,0.009,4.449384054169059,37.58,0.0,0.0,233.88839093968272,42.76192816905677,1.9887310918420553,4592,0,4592,0.0,10,1
sess_dee23864,turn_7d9ce243_65,pure-action-reply-validation,829.352,94.939,0.008,3.6332348827272654,2.647,0.0,0.0,40.21578514948487,47.45502397418022,2.738957991823554,444,410,34,0.9234234234234234,5,1
sess_dee23864,turn_438eb4ea_66,performance,116.608,115.424,0.035,5.158427869901061,5.237,0.0,0.0,48.090635100379586,47.41517291404307,3.626985941082239,1026,1014,12,0.9883040935672515,48,1
sess_dee23864,turn_3b6e1778_67,category,206.819,205.792,0.014,12.410105904564261,33.718,0.0,0.0,98.679861985147,53.06111602112651,4.056663019582629,6822,5998,824,0.8792143066549399,2,1
sess_dee23864,turn_3b6e1778_67,performance,273.401,272.11,0.008,10.2120959199965,5.701,0.0,0.0,49.66224799863994,54.07395493239164,8.33437405526638,1026,1014,12,0.9883040935672515,48,1
sess_dee23864,turn_3b6e1778_67,child,385.327,178.05,0.01,1.7440570518374443,15.45,0.0,0.0,60.295277973636985,48.8084030803293,0.8258030284196138,1466,993,473,0.6773533424283765,2,1
sess_dee23864,turn_358d5122_68,performance,123.701,122.493,0.017,5.652402993291616,6.459,0.0,0.0,51.276435842737556,49.886280903592706,4.084945889189839,1026,1014,12,0.9883040935672515,48,1
sess_939ac65d,turn_ee39cf59_1,category,467.726,466.715,0.014,7.813547970727086,31.963,0.0,0.0,372.98616697080433,48.03994810208678,4.449493950232863,6767,0,6767,0.0,5,1
sess_939ac65d,turn_ee39cf59_1,performance,530.45,529.109,0.008,9.493566118180752,4.765,0.0,0.0,44.24870084039867,51.410030107945204,7.47480895370245,1026,1014,12,0.9883040935672515,48,1
sess_939ac65d,turn_ee39cf59_1,child,663.782,195.494,0.013,1.7114072106778622,16.031,0.0,0.0,87.81956299208105,42.76689398102462,0.904223183169961,1461,0,1461,0.0,4,1
sess_939ac65d,turn_1022818d_13,reply-history-route,201.822,201.153,0.02,15.077695017680526,6.907,0.0,0.0,88.1224861368537,93.37089210748672,9.63001511991024,1307,1290,17,0.9869931140015302,4,1
sess_939ac65d,turn_1022818d_13,category,363.978,362.338,0.012,15.392985893413424,77.25,0.0,0.0,84.35635804198682,112.62613511644304,13.874944997951388,8076,7534,542,0.9328875681030213,51,1
sess_939ac65d,turn_1022818d_13,performance,419.18,417.288,199.45,9.396968875080347,7.306,0.0,0.0,100.81403306685388,48.00418182276189,4.024443915113807,1032,1014,18,0.9825581395348837,48,1
sess_939ac65d,turn_1022818d_13,pure-action-reply-validation,524.786,89.736,0.011,1.7554531805217266,2.714,0.0,0.0,39.15753494948149,43.28505601733923,0.8574200328439474,442,410,32,0.9276018099547512,5,1
sess_939ac65d,turn_1022818d_13,child,1019.898,494.056,0.008,15.539319952949882,25.701,0.0,0.0,307.3932498227805,103.39000192470849,13.154303887858987,5742,0,5742,0.0,79,2
sess_939ac65d,turn_13537c19_15,reply-history-route,195.526,194.898,0.02,10.321573121473193,6.71,0.0,0.0,86.08229598030448,93.079135986045,8.752162102609873,1309,1290,19,0.985485103132162,4,1
sess_939ac65d,turn_13537c19_15,category,303.198,301.657,0.012,15.655359020456672,80.576,0.0,0.0,85.00823401845992,64.57121414132416,13.565151952207088,8078,7534,544,0.9326565981678633,51,1
sess_939ac65d,turn_13537c19_15,performance,374.796,372.964,193.267,9.64886392466724,8.204,0.0,0.0,52.271246910095215,61.09887594357133,4.838147899135947,1034,1014,20,0.9806576402321083,48,1
sess_939ac65d,turn_13537c19_15,reply-speech-mode,442.345,246.64,107.109,4.932251758873463,4.038,0.0,0.0,57.224401040002704,66.90782797522843,1.582569908350706,454,0,454,0.0,2,1
sess_939ac65d,turn_13537c19_15,child,767.92,464.109,70.605,8.397120051085949,41.989,0.0,0.0,216.19498007930815,83.1222808919847,6.018762942403555,4242,0,4242,0.0,44,1
sess_939ac65d,turn_13537c19_15,pure-action-reply-validation,874.296,90.186,0.011,1.750756986439228,3.219,0.0,0.0,39.04096712358296,43.373191030696034,0.8576810359954834,444,410,34,0.9234234234234234,5,1
sess_939ac65d,turn_7e0cfb26_16,performance,123.492,113.111,0.017,4.908926086500287,5.027,0.0,0.0,45.84047384560108,46.32550501264632,3.4746930468827486,1026,1014,12,0.9883040935672515,48,1
sess_939ac65d,turn_2e77021f_17,category,202.176,201.072,0.015,12.169907800853252,33.748,0.0,0.0,97.52156911417842,50.52825203165412,3.910238854587078,6824,5998,826,0.8789566236811255,2,1
sess_939ac65d,turn_2e77021f_17,performance,265.393,264.039,0.009,8.887680945917964,4.873,0.0,0.0,47.29591915383935,52.3713210131973,7.056521018967032,1026,1014,12,0.9883040935672515,48,1
sess_939ac65d,turn_2e77021f_17,child,403.694,201.02,0.011,1.8517710268497467,15.377,0.0,0.0,89.63429811410606,45.53854209370911,0.9385151788592339,1468,0,1468,0.0,2,1
sess_939ac65d,turn_a28591d4_18,performance,117.937,116.258,0.018,5.13583212159574,5.411,0.0,0.0,47.618553042411804,47.2604651004076,3.587645012885332,1026,1014,12,0.9883040935672515,48,1
sess_939ac65d,turn_0ca1ce49_20,reply-history-route,283.994,283.288,0.018,13.978944858536124,9.98,39.704,0.0,110.41715694591403,113.96471108309925,12.242038967087865,1320,1290,30,0.9772727272727273,4,1
sess_939ac65d,turn_0ca1ce49_20,category,421.268,419.516,0.014,28.752325102686882,94.562,0.139,57.739,102.47547389008105,83.39044102467597,26.169575983658433,8334,7534,800,0.9040076793856492,51,1
sess_939ac65d,turn_0ca1ce49_20,performance,590.203,588.174,281.087,9.989814134314656,27.281,0.167,0.0,58.236348908394575,161.96306492201984,5.470294039696455,1045,1014,31,0.970334928229665,48,1
sess_939ac65d,turn_0ca1ce49_20,child,996.873,337.636,0.01,8.948021102696657,29.239,0.167,0.223,216.59677498973906,52.60473699308932,6.003909977152944,4096,0,4096,0.0,41,1
